,일자,종목,내용
0,1282,대우건설,"주목받지 못했던 원전 모멘텀최근, 대우건설의 주가는 해외 수주 회복과 더불어 주목받지 못한 원전 모멘텀이 부각되며 급등했다. 동사는 한수원 주도의 ‘팀코리아’ 멤버로 체코와 폴란드 원전에 시공사로 선정된 바 있다. 최근 체코 원전 계약과 관련 불공정 계약 논란이 불거지기도 했으나, 연내 한수원과의 체코 원전 시공 계약 체결 가능성은 유효한 것으로 파악되고 있다.한-미 정상회담을 통해 한수원과 미국 웨스팅하우스와의 JV 가능성이 언급되고 있다. ‘팀코리아’ 체제의 원전 진출 확장은 동사의 원전 파이프라인 확대에 긍정적 요인으로 작용할 전망이다. 동사는 해외 원전 분야에서 2010~2016년 요르단 연구용 원자로 JRTR을 건설한 경험을 가지고 있다."
1,1165,삼성E&A,"비화공, 하반기 수주 회복 전망2025년 하반기, 비화공 수주는 7월 삼성전자 P4 Ph4(상동) 마감공사 9,096억원 성과를 시작으로 회복세를 보일 것으로 전망한다. 2025년 상반기, 비화공 수주는 약 3,300억원 수준에 그쳤다. 그룹사 관련 사법 리스크 해소 이후 연내 삼성전자 투자 재개와 삼성바이오로직스 6공장 수주 결과를 기대한다. 삼성바이오로직스의 송도 5공장 수주 금액은 최초 공시 기준 약 1.2조원 대비 증액된 약 1.9조원 수준이다. 2025년 신규 수주는 약 4조원의 비화공 수주를 포함, 연간 가이던스 11.5조원의 달성 가능성은 높다고 판단한다."
2,996,아이패밀리에스씨,"상반기 Review: 분기 최대 매출 달성2025년 2분기 아이패밀리에스씨의 연결 매출액은 577억원(+17.7% YoY, +6.0% QoQ), 영업이익은 72억원(+3.2% YoY, +0.5% QoQ)으로 시장 기대치를 소폭 하회했다. 웨딩 및 기타사업부에서 적자 규모가 확대된 영향을 제외하면 화장품 사업부는 사상 최대 매출을 경신하며 상장 색조 브랜드사 중 가장 유의미한 실적 성장세를 기록했다."
3,839,엠앤씨솔루션,"영업 레버리지 효과 나타나는 중엠앤씨솔루션은 2Q25 매출액 974억원(YoY +28.0%, 이하 YoY), 영업이익 134억원(+56.9%, OPM 13.8%)을 시현했다. 수출 비중은 국내 지상무기 정비 및 유도무기 양산 증대에도 48.9%를 기록했다. 폴란드 K9/천무/K2 외에도 이집트 K9, UAE 천궁-II 등의 수출 매출이 더해졌다. 1H25 수출 비중은 50.8%로, 1H24의 52.4% 대비 감소했음에도 OPM은 5%P 개선(8.3%→13.3%)됐다. 영업 레버리지 효과가 나타나고 있다. 2분기 수출 OPM은 20%로 추정한다. 높은 이익률은 국산화율 상승 및 환율 하락(수입 원재료 비중 20% 내외 추정)에 기인한다."
4,874,한국타이어앤테크놀로지,"2Q25 매출액 5.4조원, 영업이익 3,536억원(OPM 6.6%) 기록동사의 2Q 매출은 유럽 및 국내 OE/RE 중심의 매출 성장이 지속되었고 중국은 NEV 구매 보조금 효과 등으로 OE 판매가 증가하며 다섯 분기만에 매출 증가세로 전환. 상반기 누적 PCLT 기준 고인치(18인치 이상) 비중이 47.2% (+0.6%p 이하 YoY)로 증가했고, PCLT OE 기준 EV타이어 비중도 24%(+7%p)로 증가하며 고부가 중심 믹스 개선이 매출 성장 기여. 영업이익 및 수익성은 하락. 천연고무 가격 상승 영향 지속과 지난해 선임 상승분 반영된 단가 적용 등으로 전년 동기 대비 비용 부담 증가. 또한, 한온시스템 인수에 따른 PPA 상각비가 1Q 미반영분 포함하여 2Q에 574억원 반영(연결 매출 대비 1%, 타이어부문 매출 대비 2.3%)되며 수익성 저하에 영향. 이에 연결 OPM은 6.6%(타이어 부문 13.8%) 기록."
5,758,코스맥스엔비티,"2Q25Re: 국내 내수 호조, 미국 선주문 물량 대응에도 호주 부진 등 영향코스맥스엔비티의 2분기 실적은 연결 매출액 757억원(-7% YoY), 영업이익 25억원(-24% YoY, OPM 3.3%)을 기록했다. 1)한국(별도) 법인은 매출액 520억원(+0% YoY), 영업이익 45억원(-34% YoY, OPM 8.7%)을 기록했다. 내수 매출액은 262억원(+5% 이하 YoY)으로 전분기에 이어 성장했는데 신규 오프라인 채널 고객사 성장이 기여했다. 다만 수출은 258억원(-4%)에 그쳤는데 중국 온라인 유통 고객사 성장에도 오프라인 고객사가 부진했기 때문이다. 2)호주 법인 매출액은 132억원(-38%)으로 지난해 기저 부담 및 주요 고객사의 포트포리오 변화로 매출이 부진했으나 +24% QoQ 성장하며 회복 중이다. 전년비 영업적자는 확대되었는데 매출 감소 및 재고 충당금 관련 일회성 비용 반영에 기인한다. 3)미국 법인 매출액은 85억원(+59%)으로 하반기 판매 법인 전환을 앞두고 선주문 물량에 대응하며 매출 성장과 영업적자 규모가 축소됐다."
6,843,피에이치에이,"기존 고객+신규 고객+신제품 등으로 미국 내 성장. 인도 공장도 곧 완공피에이치에이에 대한 투자의견 BUY와 목표주가 1.5만원(목표 P/E 5.5배)을 유지한다. 2분기 실적은 외형 성장에도 비용 증가로 기대치를 하회했지만, 매출액이 증가하면서 해결될수 있는 요인들이다. 2024년 하반기 완공된 미국 신공장은 고객사들인 HMGMA 및 HMMA 생산 증가에 맞춰 도어 모듈 납품이 증가하고, 타OE 및 신제품 수주가 추가되고있어 2030년까지 외형 성장이 이어질 것으로 전망한다. 더불어 미국 관세에 대한 대응 수단으로도 유용하다. 2025년 완공될 인도 푸네 공장도 고객사의 생산 증가와 함께 2026년 이후 외형 성장에 기여할 것이다. 현재 주가는 P/E 4배, P/B 0.2배 후반의 낮은 Valuation을 기록 중이고, 2분기말 순현금성자산도 1,280억원(시가총액의 57%)에 이른다."
7,827,와이지엔터테인먼트,"투자자들은 동사의 이익체질 개선에 많은 관심8월 18일부터 3일간 국내 기관투자자를 대상으로 동사의 NDR 진행. 투자자들의 주요 관심사는 회사의 MD(Merchandise) 사업전략, 블랙핑크 월드투어 성과 및 향후계획, 베이비몬스터(이하 “베몬”) 성장목표 등 이익체질 개선과 관련된 부문에 집중. 동사는 작년부터 MD 및 IP 라이선싱 매출 성장에 드라이브를 걸고 있음. 타겟 팬덤설정, MD 기획, 거래처 선정 등 과거 YG PLUS가 담당했던 부분을 와이지엔터가 주도. MD 품목 확대, 팝업스토어 개최 등을 통해 공연 MD 외 상시 MD 매출도 점진적으로 증가할 전망. 동사는 MD 사업에서 후발주자인 만큼 캐릭터 IP 등 사업 확대 관련 모든 가능성을 열어놓고 준비 중. 최근 블랙핑크는 아사히 맥주와 IP 콜라보 계약을 체결하는 등 IP 라이선싱 매출도 점진적으로 확대될 것으로 기대. YG 계열사와 협력을 진행하면 MD 매출, 외부업체와 협력시 로열티 매출로 인식. 블랙핑크 월드투어는 모객규모도 역대 최대이지만, MD 매출도 직전 투어대비 큰 폭 증가할 전망. MD 매출 KPI를 공격적으로 잡았음에도 불구, 7/5 고양스타디움 공연부터 초과 달성. 과거 대비 재고도 많이 준비하고, 공연장 주변 6군데에서 MD샵을 오픈 및 판매한 덕분. 베몬은 2년차임에도 불구하고 4년차의 퍼포먼스를 보여주며, 올해 말 BEP 달성 예상. 2026년말 도쿄돔 입성, 빌보드 핫 100 차트인 목표."
8,834,오스코텍,"NDR 후기: 변화의 바람당사는 8 월 20~21 일에 걸쳐 주요 기관 투자자를 대상으로 오스코텍 NDR 을 진행하였다. 금번 NDR 에서 오스코텍은 제노스코 관련된 진행 사항, 레이저티닙 글로벌 출시에 따른 실적 추이 및 전망, 주요 파이프라인들의 연구개발 현황 및 전망 등 주요 3 가지 이슈에 대해 IR 을 진행하였다. 금번 IR 에서 당사는 오스코텍의 기업가치가 상승할 내용들을 감지하였으며, 점진적으로 기업가치가 re-rating 국면에 진입할 것으로 예상한다. 오스코텍에 대해 투자의견 BUY 및 목표주가 53,000 원을 유지한다. 목표주가는 2027 년(레이저티닙 글로벌 판매 3 년 차) 예상 순이익 945 억원을 현가화(연할인율 10%)한 값에 Target P/E 23 배를 적용한 영업가치 1.8 조원과 R&D 파이프라인(ADELY01: 알츠하이머 치매 치료제 파이프라인, 2026 년 임상 1 상 종료 예정) 추정가치 0.2 조원을 합산하여 산출하였다."
9,691,AJ네트웍스,"I. 2Q25 Review & 투자전략최근(08/14) 발표한 2분기 실적(연결 기준)은 매출액 2,530억원, 영업이익 172억원으로 전년동기 대비 각각 9.4%, 18.1% 감소하였음. 당사 추정치(매출액 3,065 억원, 영업이익 239 억원) 대비 큰 폭으로 하회하였음. 지난 분기에 이어 전년동기 대비 매출액이 감소한 요인은 ① 지난해 자회사 AJ 메인터넌스파트너스 매각(매각일: 2024.08.05) 및 ② 자회사 AJ 대원(매각일: 2025.07.18)의 영향 때문임. 자회사였던 AJ 메인터넌스파트너스는 로봇 사업부문을 본격화하기 위해 본사의 사업부로 재편성하고, 자동차 사업부문은 효율성 제고를 목적으로 지난해 8 월에 매각함. 영업이익이 크게 감소한 요인은 렌탈 부문에서의 삼성전자의 P4 가동 중단에 따른 산업안전장비 고소장비의 가동률 및 수익성이 크게 하락했기 때문임. 당사 추정 올해 2 분기 예상실적(연결기준)은 매출액 2,685 억원, 영업이익 195억원으로 전년동기 대비 매출액은 7.5% 증가하지만, 영업이익은 0.4% 감소할 것으로 예상함. 로봇렌탈 사업 및 A/S 사업 등의 로봇 관련 사업이 본격화되고, 금리 인하 기조로 인한 주요 고객의 투자 확대 및 하반기 삼성전자 P4 투자 재개가 예상되면서 점진적으로 수익성 개선에 기여할 것으로 예상하기 때문임. 목표주가 6,000 원, 투자의견 BUY 를 유지함. 현재 주가는 2025 년 예상실적 기준 PER 7.2 배로 유사업체 평균 PER 11.3 배 대비 할인되어 거래 중."
10,603,KT나스미디어,"I. 2Q25 Review & 투자전략최근(08/14) 발표한 2분기 실적은 매출액 263억원, 영업이익 26억원으로 전년동기 대비 매출액은 1.1% 증가하고, 영업이익은 55.6% 감소하였음. 시장 컨센서스(매출액 268 억원, 영업이익 54 억원) 대비 영업이익은 크게 하회함. 2 분기 실적에서 긍정적인 것은 플랫폼 사업부문의 매출이 큰 폭으로 증가한 것임. 이유는 모바일광고플랫폼의 성과보장형 광고 및 옥외광고 성장 때문임. 플랫폼 사업부문이 전년동기 대비 21.9% 증가했음에도 불구하고, 디지털광고 사업부문이 전년동기 대비 18.1% 감소하면서 전년동기 수준의 매출을 달성함. 디지털광고 사업부문의 부진 요인은 OTT 취급고의 증가에도 불구하고, 광고 업황 개선 지연으로 주요 광고주 물량이 감소하였기 때문임. 또한, 영업비용이 크게 증가하면서 영업이익률은 전년동기 대비 크게 감소하였음. 영업비용이 크게 증가한 요인은 지하철 신규노선 수주로 사용권자산감가상각비가 크게 발생하여 반영되었기 때문임. 당사 추정 3 분기 예상실적은 매출액 289 억원, 영업이익 57 억원으로 전년동기 대비 각각 11.7%, 2.4% 증가할 것으로 예상함. 하반기 실적 성장을 기대하는 이유는 정부의 추경 등 소비진작 정책으로 국내 광고 업황의 점진적 회복을 예상하고 있기 때문임. 또한, 지하철 1,2,5,7,8 호선 신규수주로 디지털옥외 광고 매체 커버리지가 확대되면서 광고 판매가 증가할 것으로 예상함. 목표주가 21,000 원, 투자의견 BUY 를 유지함. 상반기 중 종속회사인 플레이디와 나스미디어 태국법인의 매각 영향으로 발생한 중단영업손익(43 억원)을 제외하면 2025 년 실적 기준 PER 은 8.2 배 수준임."
11,796,대양전기공업,"센서 및 기타 사업부 성장에 주목2분기 실적은 매출액 563억 원(+12.8%, YoY), 영업이익 58억 원(+89.4%, YoY)으로 컨센에 부합하는 실적을 도출했다. 2분기 실적에서 특히 주목할 부분은 센서사업부의 지속적인 성장세다. 올해 상반기 센서 및 기타 사업부 매출액은 284억 원으로 이미 지난해 연간 매출액의 65%를 달성했다. 센서 및 기타 사업부는 상반기 보다 하반기에 더 좋은 성과를 보이는 계절성이 있어 하반기는 상반기 성장세를 넘어서며 전년대비 48%의 매출 성장세를 나타낼 것으로 예상된다."
12,2582,두산에너빌리티,"한미 정상회담을 계기로 원전 미국 진출 가속화 될 듯 ⇒ 동사 대형원전(NSSS, STG) 관련 수주증가에 우호적인 환경 조성될 듯오는 25일 한미 정상회담에서는 새로운 협력방안 중 원자력 관련하여 한미 원자력 협정개정 등을 추진할 예정이다. 즉, 한미 원자력협정 개정 등을 통해 산업·환경적 차원에서 우라늄 농축 규제 완화 및 사용후핵연료 재처리(플루토늄 추출) 등에 대한 정책적 자율성을 확보할 수 있을 것이다. 다른 한편으로는 이번 한미 정상회담을 계기로 여러가지 방안 등을 추진하면서 미국 진출이 가속화 될 것으로 예상된다. 무엇보다 트럼프 정부에서는 2050년까지 원전을 현재의 100GW에서 400GW로 확대하려는 계획하에서 2030년까지 대형원전 10기 건설을 추진하고 있다. 한국의 경우 On Time, On Budget으로 대표되는 사업관리 능력과 시공 기술력 뿐만 아니라, 원전기기 제작 능력 등을 기반으로 한 원전 공급망 등을 갖추고 있어서 미국 입장에서는 한국과의 협력이 필요한 상황이다. 이러한 환경하에서 한국수력원자력이 미국 웨스팅하우스(WEC)와 JV 설립을 검토 하는 등 다각적인 협력방안 등을 논의 중에 있다. 만약 현재 구상대로 JV가 설립되면 미국시장 진출이 빨라질 뿐만 아니라 글로벌 진출에 교두보가 마련될 수 있을 것이다. 무엇보다 웨스팅하우스의 경우 주기기 제작 등 기재재의 실질적 공급 능력을 갖추지 못한 만큼 동사와의 협력 가능성 등이 높아지면서 향후 대형원전(NSSS, STG) 관련 기자재의 수주가 가시화 될 것이다. 또한 웨스팅하우스의 경우 폴란드, 불가리아 등에서 원전 건설 프로젝트를 추진하고 있어서 이와 관련된 기자재 등에 대한 발주가 내년부터 본격화 될 것으로 예상됨에 따라 동사 대형원전(NSSS, STG) 관련 수주증가에 우호적인 환경이 조성될 것이다."
13,1011,한전기술,"한미 정상회담을 계기로 원전 미국 진출 가속화 될 듯 ⇒ 동사 미국 시장진출 기반 마련되면서 성장성 부각될 듯오는 25일 한미 정상회담에서는 새로운 협력방안 중 원자력 관련하여 한미 원자력 협정개정 등을 추진할 예정이다. 즉, 한미 원자력협정 개정 등을 통해 산업·환경적 차원에서 우라늄 농축 규제 완화 및 사용후핵연료 재처리(플루토늄 추출) 등에 대한 정책적 자율성을 확보할 수 있을 것이다. 이러한 원자력협정 개정 등에 대하여 수혜가 예상되는 동사의 경우 4세대 원자로인 소듐냉각고속로(SFR) 개발을 추진하고 있다. 파이로프로세싱을 활용하여 가압경수로 사용후핵연료의 독성물질 소각기능을 갖춘 소듐냉각고속로(SFR) 개발을 통하여 사용후핵연료 발생량을 획기적으로 감축할 예정이다. 다른 한편으로는 이번 한미 정상회담을 계기로 여러가지 방안 등을 추진하면서 미국 진출이 가속화 될 것으로 예상된다. 무엇보다 트럼프 정부에서는 2050년까지 원전을 현재의 100GW에서 400GW로 확대하려는 계획하에서 2030년까지 대형원전 10기 건설을 추진하고 있다. 이에 따라 웨스팅하우스가 원청, 한수원 등이 설계 하청·시공 등으로 역할을 분담하게 될 가능성 등이 높아지면서 동사의 수혜가 예상된다. 이러한 환경하에서 한수원 등이 미국 내 다양한 기업들과 원전산업 내 전략적 협력기회를 모색할 것으로 예상된다. 이에 대한 일환으로 한수원이 4세대 SMR 개발사인 ARC사와 JV 등을 설립할 것으로 예상된다. 동사의 경우 지난 2023년 ARC사와 ARC-100 상용화 공동 추진을 위한 MOU 협약을 체결하였다. ARC는 4세대 SMR 상용화 기술 중 하나인 소듐냉각고속로(SFR) 노형의 대표 개발사로, 기본설계를 완료하고 2030년 이내 상업운전을 목표로 미국과 캐나다에서 설계 인허가를 진행 중이다. 기존 대형원전이 운영됐던 캐나다 뉴브런즈윅주 포인트 레프루 부지에 100MW급 ARC-100 노형 4기 건설을 추진하고 있으며, 2030년 이내 상업 운전이 목표다. 이에 따라 동사는 ARC-100 표준설계 및 인허가 기술지원 등을 통하여 북미 SMR 시장에 진출할 수 있는 기반을 마련할 수 있을 것이다."
14,655,한진,"올해 2분기 택배부문 및 글로벌부문 수익성 개선으로 컨센서스에 부합하는 실적을 기록올해 2분기 동사 K-IFRS 연결기준 실적의 경우 매출액 7,408억원(+0.9% YoY, +1.6% QoQ), 영업이익 370억원(+0.3% YoY, +35.5% QoQ)으로 컨센서스에 부합하였다. 이는 택배부문 및 글로벌부문에서 수익성 등이 개선되었기 때문이다. 택배부문의 경우 물동량이 증가함에도 불구하고 ASP 하락으로 매출증가가 미미한 환경하에서 대전 메가허브터미널 중심의 운영효율화를 바탕으로 택배 운영원가를 절감하면서 수익성이 개선되었다. 또한 글로벌부문의 경우 인천공항 GDC 증설효과 및 미주사업 역직구 증가로 인한 풀필먼트 활성화로 매출 증가되면서 수익성이 개선되었다."
15,893,삼화콘덴서,"올해 2분기 전방산업 부진으로 수익성 저조 ⇒ 3분기 계절적 성수기로 인하여 전방산업이 다소나마 회복되면서 실적개선 가시화 될 듯올해 2분기 동사 K-IFRS 연결기준 실적의 경우 매출액 788억원(+3.0 YoY, +8.8% QoQ), 영업이익 56억원(-27.3% YoY, +16.7% QoQ)으로 부진한 실적을 기록하였다. FC 및 DC-Link Capacitor 견조한 매출 성장세에도 불구하고 환율 영향 및 전방산업 부진으로 인한 고객사의 보수적인 재고관리 등으로 수익성이 저조하였다. 다만, 3분기는 계절적 성수기로 인하여 전방산업이 다소나마 회복되면서 실적개선이 가시화 될 것으로 예상된다."
16,1063,비에이치아이,"원전 미국 진출 및 수출지역 확대 등으로 동사 원전 BOP 관련 수주증가 측면에서 우호적인 환경 조성될 듯오는 25일 한미 정상회담에서는 새로운 협력방안 중 원자력 관련하여 한미 원자력 협정 개정 등을 추진할 예정이다. 즉, 한미 원자력협정 개정 등을 통해 산업·환경적 차원에서 우라늄 농축 규제 완화 및 사용후핵연료 재처리(플루토늄 추출) 등에 대한 정책적 자율성을 확보할 수 있을 것이다. 다른 한편으로는 이번 한미 정상회담을 계기로 여러가지 방안 등을 추진하면서 미국 진출이 가속화 될 것으로 예상된다. 무엇보다 트럼프 정부에서는 2050년까지 원전을 현재의 100GW에서 400GW로 확대하려는 계획하에서 2030년까지 대형원전 10기 건설을 추진하고 있다. 한국의 경우 On Time, On Budget으로 대표되는 사업관리 능력과 시공 기술력 뿐만 아니라, 원전기기 제작 능력 등을 기반으로 한 원전 공급망 등을 갖추고 있어서 미국 입장에서는 한국과의 협력이 필요한 상황이다. 이러한 환경하에서 한국수력원자력이 미국 웨스팅하우스(WEC)와 JV 설립을 검토 하는 등 다각적인 협력방안에 논의 중에 있다. 만약 현재 구상대로 JV가 설립되면 미국시장 진출이 빨라질 뿐만 아니라 글로벌 진출에 교두보가 마련될 수 있을 것이다. 무엇보다 웨스팅하우스의 경우 주기기, BOP 제작 등 기재재의 실질적 공급 능력을 갖추지 못한 만큼 동사와의 협력 가능성 등이 높아지면서 향후 원전 BOP 관련 기자재의 수주가 가시화 될 것이다. 또한 웨스팅하우스의 경우 폴란드, 불가리아 등에서 원전 건설 프로젝트를 추진하고 있어서 이와 관련된 기자재 등에 대한 발주가 내년부터 본격화 될 것으로 예상됨에 따라 동사 원전 BOP 수주증가에 우호적인 환경이 조성될 것이다. 한편, 체코원전 수주 등을 기반으로 향후 중동 등으로 원전 수출 지역 확대되면서 향후 동사의 원전 BOP 수주증가가 예상된다. 또한 SMR 등 차세대 원전에도 BOP가 공통적으로 적용되기 때문에 SMR 시장규모가 커지면서 동사의 수혜가 기대된다."
17,1231,두산로보틱스,솔루션 중심의 실용적 휴머노이드 기업으로 변모 중선진국 로봇 업황 둔화로 실적 추이 및 전망은 보수적. 다만 로봇 수요의 구조적 폭증기에 대비한 AI 기술 혁신 준비는 잘 되어가고 있다고 판단
18,701,흥국에프엔비,"2분기 소비 위축 여파로 실적 감소2분기 연결 매출과 영업이익이 각각 254억원(-13.7% yoy), 28억원(-22.4% yoy)을 기록했다. 소비 위축 영향으로 카페 시장도 타격을 받으며 아쉬운 실적을 냈다. 당기순이익은 27억원(+36.1% yoy)으로 증가했는데, 이는 비상장주식 이그니스(푸드테크 스타트업으로 단백질 브랜드 랩노쉬 등 운영) 장부금액(공정가치) 상승분이 금융상품 평가이익으로 반영됐기 때문이다."
19,2431,한국타이어앤테크놀로지,"투자의견 매수, 목표주가 51,000원 유지 한국타이어의 한온시스템 인수에 따른 연결실적 반영 감안해 밸류에이션 방식 기존 PER => EV/EBITDA 기반 SOTP로 변경. 영업부문 가치는 10.0조로 타이어 5.9조/열관리(한온) 4.1조에 EV/EBITDA 멀티플 2.9배/4.4배 적용해 산출. 순차입금 3.8조 차감한 목표시총은 6.6조원으로 Upside +24%"
20,2650,현대오토에버,"8/21일 현대오토에버 Mobilgene Tech Conference 2025 행사 진행 금번 행사는 현대오토에버의 첫 테크 컨퍼런스로, ‘Future driven by mobilgene: SDV의 혁신, 신뢰성 및 안전성 향상’ 이라는 주제로 진행. 현대오토에버의 모빌진(차량SW 브랜드)의 핵심기술 및 미래 전략 확인 오전 세션(Keynote 및 m.Classic 개선을 통한 고객 가치 실현) 청취 및 차량 전장SW센터장과 QnA 세션 진행"
21,2087,한국타이어앤테크놀로지,"배당성향 확대는 긍정적. 한온시스템의 증자 규모는 불확실성 요인 한국타이어앤테크놀로지에 대한 투자의견 BUY와 목표주가 4.8만원을 유지한다. 한국타이어앤테크놀로지가 배당성향 목표를 상향(2024년 22%→2027년F 35%)하면서 주주환원 정책이 진전되었다는 점은 긍정적이다. 다만, 자회사 한온시스템의 유상증자와 관련된 참여 규모의 불확실성이 아직 존재하기 때문에 9월 23일 확정될 내용을 검토한 후 목표주가를 재조정할 예정이다. 하나증권은 지난 8월 18일 한국타이어앤테크놀로지에 대한 목표주가를 5.0만원에서 4.8만원으로 하향한 바 있다. 이유는 2분기 타이어 부문의 실적이 기대치를 소폭 하회한 가운데, 시너지 효과가 크지 않고 ROE도 낮은 투자인 한온시스템에 대한 추가 출자가 예상된다는 점이 주주가치 측면에서 부정적이라 판단했기 때문이다. 하나증권은 한온시스템이 구조조정 및 재무구조 개선을 통해 실적을 회복할 수 있겠지만, 유상증자(약 0.8~1.0조원 예상) 후에도 순차입금 및 부채비율이 여전히 높기 때문에(2분기 말 기준 3.88조원/256%→유상증자 후 2.9~3.0조원/220% 예상) 영업현금흐름 창출에 비해 높은 이자비용 부담을 낮추기까지는 시일이 필요하다는 판단이다. 한국타이어앤테크놀로지의 주주들은 그때까지 관련 불확실성에 노출되게 된다. 또한, 2027년 1월 11일~2월 11일로 예정된 한앤코오토홀딩스의 풋옵션 행사(58,718천주/보유 주식의 40%, 행사가격 5,200원, 행사될 경우 3,053억원의 자금 소요)로 추가 지분 인수의 가능성도 있다."
22,2362,티에프이,"대면적 소켓 공급 본격화로 체질 개선중투자의견 BUY, 목표주가 45,000원으로 커버리지를 개시한다. 목표주가는 26년 예상 EPS에 Peer 평균 PER을 적용해 산출했다. 주요 투자포인트는 [1]신규 고객사 확보로 데이터센터향 대면적 소켓 공급 증가, [2]마진이 높은 로직반도체향 매출비중 확대에 따른 믹스 개선, [3]26년 상반기 신공장 가동이 계획되어 있어 중장기 성장 가시성이 확보되었다는 점이다. 티에프이는 올해부터 실적 기여가 시작된 신규 고객사와 CPO(Co-Packaged Optics) 관련 제품을 비롯해 다수의 프로젝트를 진행중에 있는데 실리콘 포토닉스 관련 레퍼런스를 확보함으로써 향후 데이터센터향 대면적 소켓 매출 확대의 기반을 마련했다고 판단한다."
23,1661,컴투스,3분기부터 촘촘한 신작 일정 대기 동사의 차기신작 더 스타라이트는 6월 쇼케이스 이후 사전 예약자 100만 명을 돌파해 MMORPG에 대한 높은 대기 수요를 확인시키고 있다. 경쟁사들의 유사 신작 일정과 겹치지 않게 9월 출시를 예상한다. 자체 개발 신작인 도원암귀는 9월 도쿄게임쇼에서 글로벌 최초로 공개될 예정이다. 해당 IP 애니메이션은 일본 주요 채널 및 넷플릭스를 통해 방영되고 있는 인기 IP이기에 도쿄게임쇼에서의 첫 공개가 모멘텀으로 이어질 것으로 예상한다.
24,2031,SAMG엔터,"의견: 중장기 주가 회복 가능할 것 - 2Q25 리뷰 작성 이후 가장 많이 받았던 피드백은, (사고 싶은데) 3분기 전분기대비 감익과 오버행이 불편하다는 것. 주가는 양 이슈로 2Q25 실적발표 이후 20%, 고점 대비 38% 하락했으나 대기수요 크다고 느껴짐. 신한 추정치 기준 26년 주가수익비율(PER)은 22배 - 투자심리 회복을 기다리고 있음. 1) 오늘 공개될 에스파핑 화제성이 높거나 2) 9/5 상장되는 전환사채 오버행 우려가 조금이라도 완화될 필요. 혹은 3) 3Q25 실적발표 전후해 주가 반등 기대- [오버행] 23년 오프라인과 OSMU 사업 확장을 위해 300억원 규모 전환사채 발행. 8/18 154억원 규모가 전환청구됐으며, 이는 전체 발행주식수의 약 7.3%(64만주). 28년까지 전환될 수 있는 잔여 물량은 6.9%(61만주). 이 중 4.3%(38만주)는 회사가 콜옵션을 보유하고 있음- [실적] 3분기 쉬어가고 4분기 호실적 예상. 4분기는 전통적 완구 성수기인데다 공주 컨셉 <프린세스 캐치!티니핑> 방영 효과 기대. SM 콜라보(라이선스) 정산 시점도 3분기가 아닌 4분기일 수 있음. 관련해 25년 이익 추정치 유지하되 3분기 소폭 하향, 4분기 소폭 상향. 영화 <사랑의 하츄핑> 시즌2는 1Q26 개봉 유력- [성장전략] NDR을 통해 회사의 성장전략이 잘 작동하고 있음을 다시 한 번 확인. 빅브랜드와의 한정판 콜라보는 실적에 미치는 영향이 드라마틱 하진 않아도, 확실히 재고 부담을 적게 가져가면서 다양한 데이터를 쌓을 수 있다는 장점(MD 형태별, 플랫폼별 판매 데이터, 화제성 등). IP 인지도가 높아지고 화제성 데이터가 쌓이면 콜라보 기회 확장 → IP 인지도 상승 → 콜라보 기회 확장 선순환 빨라질 수 있음"
25,1829,코스메카코리아,"하반기 턴어라운드 가능성 재확인투자자들의 관심은 하반기 전망에 집중되었다. 화장품 호황에도 불구하고 동사 실적이 1분기 부진, 2분기 턴어라운드로 방향성이 갈렸던만큼 하반기 턴어라운드 지속 여부에 대한 질문이 많았다. 이에 사측은 연초 목표와 시장 기대치에 충분히 부합 가능하다는 입장을 재확인하였다(당사 추정치 하반기 영업이익 YoY +33%). 그간 실적 부진 원인이었던 주력 고객사의 재고 조정이 마무리되었기 때문이다. 리오더 재개되기 시작한 2분기 기준으로 주력 고객사 비중은 한국 10% 이상, 미국 30% 이상으로 확대되었다. 주력 고객사향 하반기 리오더도 활발히 진행 중이며, 대량 발주에 비롯한 수익성 개선도 동반하여 기대되는 상황이다."
26,1601,한국타이어앤테크놀로지,"모래주머니를 벗어내면 의외로 빠르게 달릴 수 있을지도 미 관세와 자회사 유증이 단기 디스카운트 요인. 1) 유증 스케줄 확정, 2) ‘현지화+가격 전가+원가 안정화’에 따른 수익성 개선, 이 두 가지가 확인된다면 5% 이상의 예상 배당수익률이 조명받으며 주가 반등이 가능할 것"
27,1291,서플러스글로벌,■ 서플러스글로벌은 2000년 3월 김정웅 대표이사가 설립한 반도체 중고장비 전문기업■ 핵심 경쟁력은 25년간 축적된 사업 경험과 글로벌 네트워크에 기반함■ 기존 중고장비 유통사업의 한계를 극복하기 위해 2025년 6월 반도체 산업에 특화된 글로벌 B2B 플랫폼 'SemiMarket'을 출시하며 디지털 전환에 적극 나서고 있음
28,2153,두산테스나,밸류에이션 상방 제한 해제 → 리레이팅 정당성 확보 중 고객사의 북미 전기차 및 스마트폰 업체향 반도체 수주 → 낙수효과 기대감 유효. 다만 차량용 반도체의 경우 생산지가 미국이라는 점에서 후공정 내재화 가능성 존재. 아직 결정된 것은 없는 곳으로 보이며 내년 외주화 여부에 주목 요구. 고객사의 생산량 및 외주 물량 본격화 시점은 2027년
29,2096,선익시스템,"2분기 실적 시장 기대치 상회 2분기 실적은 매출액 1,901억원(YoY, +346%), 영업이익 400억원(YoY, 437%)으로 역대 최고치를 기록했다. 전년동기대비 실적이 큰 폭으로 개선된 이유는 중화권 패널사향 8.6G 증착기 수주 물량 매출 인식이 본격화되었기 때문이다. 일부 증착 챔버의 선적 지연을 예상해 추정치를 하향 조정했으나, 대부분의 챔버가 기존 일정에 맞춰 선적되며 당사 예상치를 상회했다. 선적이 지연된 소수 챔버의 매출은 3분기 중 인식될 것으로 판단한다."
